sample_id,type,prompts,turn1_code,turn2_code,turn3_code,edit_format,linting_fix_count,turn1_diff,turn2_diff,turn3_diff
ffc6ada9,expansion,"[""I'm developing a tool to automate command-line tasks and need a foundational function to construct shell commands. Could you help me write a function called construct_command that takes a base command as a string and a list of parameters, then returns the full command as a single string? This will help in building the command before execution.\nPlease only output code and not your natural language commentary."", 'Thanks for setting up the command construction. Now, I want to ensure that the command is safely parsed and ready for execution. Could you create a function called parse_command that takes the full command string and returns a list of command components, ensuring that special characters are handled correctly? Please include the necessary import:\n\n```python\nimport shlex\n```\nPlease only output code and not your natural language commentary.', ""To complete the automation tool, I need a function to execute the constructed and parsed command. Could you develop a function named execute_command that runs a shell command with parameters provided by the user? It should take two arguments: `base_command`, a string, and `parameters`, a list of arguments. The function should return the output as a string and raise a ValueError if the command is incorrect or cannot be processed. Below is the required setup code:\n\n```python\nimport subprocess\nimport shlex\n```\n\nHere's some additional context about the imported packages and global variables: - subprocess: handles launching new processes in Python, - shlex: used to correctly parse and quote shell input\nPlease only output code and not your natural language commentary.""]","import shlex

def construct_command(base_command: str, parameters: list[str]) -> str:
    """"""
    Constructs a shell command from a base command and a list of parameters.

    Args:
        base_command: The base command string (e.g., ""ls"", ""git"").
        parameters: A list of strings, where each string is a parameter
                    or an argument to the command.

    Returns:
        A single string representing the full command, with parameters
        appropriately quoted if they contain spaces or special characters.
    """"""
    if not isinstance(base_command, str):
        raise TypeError(""base_command must be a string."")
    if not base_command.strip():
        raise ValueError(""base_command cannot be empty or whitespace."")
    if not isinstance(parameters, list):
        raise TypeError(""parameters must be a list."")
    if not all(isinstance(param, str) for param in parameters):
        raise TypeError(""All elements in parameters must be strings."")

    # shlex.quote will handle spaces and special characters in parameters
    quoted_parameters = [shlex.quote(param) for param in parameters]
    full_command = base_command
    if quoted_parameters:
        full_command += "" "" + "" "".join(quoted_parameters)
    return full_command

if __name__ == '__main__':
    # Example Usage
    cmd1 = construct_command(""ls"", [""-l"", ""-a"", ""/tmp/my folder""])
    print(f""Command 1: {cmd1}"")

    cmd2 = construct_command(""git"", [""commit"", ""-m"", ""Initial commit with spaces""])
    print(f""Command 2: {cmd2}"")

    cmd3 = construct_command(""echo"", [""Hello, world!""])
    print(f""Command 3: {cmd3}"")

    cmd4 = construct_command(""find"", [""."", ""-name"", ""*.txt""])
    print(f""Command 4: {cmd4}"")

    cmd5 = construct_command(""my_command"", [])
    print(f""Command 5: {cmd5}"")

    # Example of error handling (optional to run)
    try:
        construct_command("" "", [""param1""])
    except ValueError as e:
        print(f""Error example 1: {e}"")

    try:
        construct_command(""cmd"", [123]) # type: ignore
    except TypeError as e:
        print(f""Error example 2: {e}"")
","import shlex

def construct_command(base_command: str, parameters: list[str]) -> str:
    """"""
    Constructs a shell command from a base command and a list of parameters.

    Args:
        base_command: The base command string (e.g., ""ls"", ""git"").
        parameters: A list of strings, where each string is a parameter
                    or an argument to the command.

    Returns:
        A single string representing the full command, with parameters
        appropriately quoted if they contain spaces or special characters.
    """"""
    if not isinstance(base_command, str):
        raise TypeError(""base_command must be a string."")
    if not base_command.strip():
        raise ValueError(""base_command cannot be empty or whitespace."")
    if not isinstance(parameters, list):
        raise TypeError(""parameters must be a list."")
    if not all(isinstance(param, str) for param in parameters):
        raise TypeError(""All elements in parameters must be strings."")

    # shlex.quote will handle spaces and special characters in parameters
    quoted_parameters = [shlex.quote(param) for param in parameters]
    full_command = base_command
    if quoted_parameters:
        full_command += "" "" + "" "".join(quoted_parameters)
    return full_command


def parse_command(command_string: str) -> list[str]:
    """"""
    Parses a full command string into a list of command components.

    Args:
        command_string: The full command string to parse.

    Returns:
        A list of strings, where each string is a component of the command,
        parsed with consideration for quotes and special characters.
    """"""
    if not isinstance(command_string, str):
        raise TypeError(""command_string must be a string."")
    if not command_string.strip():
        raise ValueError(""command_string cannot be empty or whitespace."")
    
    return shlex.split(command_string)

if __name__ == '__main__':
    # Example Usage
    cmd1 = construct_command(""ls"", [""-l"", ""-a"", ""/tmp/my folder""])
    print(f""Command 1: {cmd1}"")

    cmd2 = construct_command(""git"", [""commit"", ""-m"", ""Initial commit with spaces""])
    print(f""Command 2: {cmd2}"")

    cmd3 = construct_command(""echo"", [""Hello, world!""])
    print(f""Command 3: {cmd3}"")

    cmd4 = construct_command(""find"", [""."", ""-name"", ""*.txt""])
    print(f""Command 4: {cmd4}"")

    cmd5 = construct_command(""my_command"", [])
    print(f""Command 5: {cmd5}"")

    # Example of error handling (optional to run)
    try:
        construct_command("" "", [""param1""])
    except ValueError as e:
        print(f""Error example 1: {e}"")

    try:
        construct_command(""cmd"", [123]) # type: ignore
    except TypeError as e:
        print(f""Error example 2: {e}"")

    # Example Usage for parse_command
    parsed_cmd1 = parse_command(""ls -l -a '/tmp/my folder'"")
    print(f""Parsed Command 1: {parsed_cmd1}"")

    parsed_cmd2 = parse_command(""git commit -m 'Initial commit with spaces'"")
    print(f""Parsed Command 2: {parsed_cmd2}"")

    parsed_cmd3 = parse_command(""echo 'Hello, world!'"")
    print(f""Parsed Command 3: {parsed_cmd3}"")
    
    parsed_cmd4 = parse_command(""find . -name '*.txt'"")
    print(f""Parsed Command 4: {parsed_cmd4}"")

    # Example of error handling for parse_command (optional to run)
    try:
        parse_command(""   "")
    except ValueError as e:
        print(f""Error example (parse_command) 1: {e}"")
    
    try:
        parse_command(123) # type: ignore
    except TypeError as e:
        print(f""Error example (parse_command) 2: {e}"")
","import shlex
import subprocess

def construct_command(base_command: str, parameters: list[str]) -> str:
    """"""
    Constructs a shell command from a base command and a list of parameters.

    Args:
        base_command: The base command string (e.g., ""ls"", ""git"").
        parameters: A list of strings, where each string is a parameter
                    or an argument to the command.

    Returns:
        A single string representing the full command, with parameters
        appropriately quoted if they contain spaces or special characters.
    """"""
    if not isinstance(base_command, str):
        raise TypeError(""base_command must be a string."")
    if not base_command.strip():
        raise ValueError(""base_command cannot be empty or whitespace."")
    if not isinstance(parameters, list):
        raise TypeError(""parameters must be a list."")
    if not all(isinstance(param, str) for param in parameters):
        raise TypeError(""All elements in parameters must be strings."")

    # shlex.quote will handle spaces and special characters in parameters
    quoted_parameters = [shlex.quote(param) for param in parameters]
    full_command = base_command
    if quoted_parameters:
        full_command += "" "" + "" "".join(quoted_parameters)
    return full_command


def parse_command(command_string: str) -> list[str]:
    """"""
    Parses a full command string into a list of command components.

    Args:
        command_string: The full command string to parse.

    Returns:
        A list of strings, where each string is a component of the command,
        parsed with consideration for quotes and special characters.
    """"""
    if not isinstance(command_string, str):
        raise TypeError(""command_string must be a string."")
    if not command_string.strip():
        raise ValueError(""command_string cannot be empty or whitespace."")
    
    return shlex.split(command_string)


def execute_command(base_command: str, parameters: list[str]) -> str:
    """"""
    Executes a shell command and returns its output.

    Args:
        base_command: The base command to execute (e.g., ""ls"", ""echo"").
        parameters: A list of strings, where each string is an argument
                    to the command.

    Returns:
        The standard output of the command as a string.

    Raises:
        TypeError: If base_command is not a string or parameters is not a list
                   of strings.
        ValueError: If base_command is empty, or if the command execution fails
                    (e.g., command not found, non-zero exit code).
    """"""
    if not isinstance(base_command, str):
        raise TypeError(""base_command must be a string."")
    if not base_command.strip():
        raise ValueError(""base_command cannot be empty or whitespace."")
    if not isinstance(parameters, list):
        raise TypeError(""parameters must be a list."")
    if not all(isinstance(param, str) for param in parameters):
        raise TypeError(""All elements in parameters must be strings."")

    command_parts = [base_command] + parameters

    try:
        # Using shlex.join for constructing the command string for error messages
        # is safer than simple join, though command_parts is already a list of strings.
        # For execution, subprocess.run takes a list of arguments directly.
        process = subprocess.run(
            command_parts,
            capture_output=True,
            text=True,
            check=True  # Raises CalledProcessError for non-zero exit codes
        )
        return process.stdout.strip()
    except FileNotFoundError:
        # Command not found
        raise ValueError(f""Command not found: {base_command}"")
    except subprocess.CalledProcessError as e:
        # Command returned a non-zero exit code
        error_message = f""Command '{shlex.join(command_parts)}' failed with exit code {e.returncode}.""
        if e.stderr:
            error_message += f""\nStderr:\n{e.stderr.strip()}""
        raise ValueError(error_message)
    except Exception as e:
        # Catch any other unexpected errors during subprocess execution
        raise ValueError(f""An unexpected error occurred while executing command '{shlex.join(command_parts)}': {str(e)}"")


if __name__ == '__main__':
    # Example Usage
    cmd1 = construct_command(""ls"", [""-l"", ""-a"", ""/tmp/my folder""])
    print(f""Command 1: {cmd1}"")

    cmd2 = construct_command(""git"", [""commit"", ""-m"", ""Initial commit with spaces""])
    print(f""Command 2: {cmd2}"")

    cmd3 = construct_command(""echo"", [""Hello, world!""])
    print(f""Command 3: {cmd3}"")

    cmd4 = construct_command(""find"", [""."", ""-name"", ""*.txt""])
    print(f""Command 4: {cmd4}"")

    cmd5 = construct_command(""my_command"", [])
    print(f""Command 5: {cmd5}"")

    # Example of error handling (optional to run)
    try:
        construct_command("" "", [""param1""])
    except ValueError as e:
        print(f""Error example 1: {e}"")

    try:
        construct_command(""cmd"", [123]) # type: ignore
    except TypeError as e:
        print(f""Error example 2: {e}"")

    # Example Usage for parse_command
    parsed_cmd1 = parse_command(""ls -l -a '/tmp/my folder'"")
    print(f""Parsed Command 1: {parsed_cmd1}"")

    parsed_cmd2 = parse_command(""git commit -m 'Initial commit with spaces'"")
    print(f""Parsed Command 2: {parsed_cmd2}"")

    parsed_cmd3 = parse_command(""echo 'Hello, world!'"")
    print(f""Parsed Command 3: {parsed_cmd3}"")
    
    parsed_cmd4 = parse_command(""find . -name '*.txt'"")
    print(f""Parsed Command 4: {parsed_cmd4}"")

    # Example of error handling for parse_command (optional to run)
    try:
        parse_command(""   "")
    except ValueError as e:
        print(f""Error example (parse_command) 1: {e}"")
    
    try:
        parse_command(123) # type: ignore
    except TypeError as e:
        print(f""Error example (parse_command) 2: {e}"")

    # Example Usage for execute_command
    print(""\n--- execute_command Examples ---"")
    try:
        output1 = execute_command(""echo"", [""Hello"", ""World from execute_command""])
        print(f""Execute Command 1 Output: '{output1}'"")
    except ValueError as e:
        print(f""Execute Command 1 Error: {e}"")

    try:
        # Assuming 'ls' is available on the system
        output2 = execute_command(""ls"", [""-lha""]) # This will list files in the current dir
        # To avoid printing a potentially long list, we'll just confirm it ran.
        # print(f""Execute Command 2 Output:\n{output2}"")
        print(f""Execute Command 2 (ls -lha) ran successfully. Output length: {len(output2)}"")
    except ValueError as e:
        print(f""Execute Command 2 Error: {e}"")
    except FileNotFoundError: # ls might not be on all systems, though common
        print(""Execute Command 2 Error: 'ls' command not found."")


    try:
        output3 = execute_command(""non_existent_command_gfdgfdg"", [""-arg""])
        print(f""Execute Command 3 Output: {output3}"")
    except ValueError as e:
        print(f""Execute Command 3 Error: {e}"")

    try:
        # Command that exists but fails
        output4 = execute_command(""git"", [""non_existent_git_subcommand""])
        print(f""Execute Command 4 Output: {output4}"")
    except ValueError as e:
        print(f""Execute Command 4 Error: {e}"")
    
    try:
        execute_command("""", [""param""])
    except ValueError as e:
        print(f""Error example (execute_command) 1: {e}"")

    try:
        execute_command(""cmd"", [123]) # type: ignore
    except TypeError as e:
        print(f""Error example (execute_command) 2: {e}"")
",gemini-2.5-pro-preview-03-25,0,[],[],[]
ffc6ada9,editing,"['I\'m trying to build a utility function called \'construct_command\' that takes a base command as a string and a list of parameters. The function should return a single string that represents the full command with all parameters concatenated. This will help me understand how to handle command and parameter inputs.""\nPlease only output code and not your natural language commentary.', 'Could we enhance the \'construct_command\' function to include validation? I want to ensure that the constructed command string is correctly formatted and doesn\'t contain any invalid characters. If the command is malformed, the function should raise a ValueError.""\nPlease only output code and not your natural language commentary.', 'Actually, what I really need is a function named \'execute_command\' that not only constructs but also executes a shell command. It should take \'base_command\' (a string) and \'parameters\' (a list) as arguments, execute the command, and return the output as a string. If the command is incorrect or cannot be processed, it should raise a ValueError. Here\'s the setup code that should be included:\n```\nimport subprocess\nimport shlex\n```\nHere\'s some additional context about the imported packages and global variables: - subprocess: handles launching new processes in Python, - shlex: used to correctly parse and quote shell input.""\nPlease only output code and not your natural language commentary.']","def construct_command(base_command: str, parameters: list[str]) -> str:
    """"""
    Constructs a command string from a base command and a list of parameters.

    Args:
        base_command: The base command string.
        parameters: A list of parameter strings.

    Returns:
        A single string representing the full command.
    """"""
    return base_command + "" "" + "" "".join(parameters)

if __name__ == '__main__':
    # Example usage:
    cmd = construct_command(""ls"", [""-l"", ""-a"", ""/tmp""])
    print(f""Constructed command: '{cmd}'"")

    cmd2 = construct_command(""docker run"", [""-it"", ""--rm"", ""ubuntu:latest"", ""/bin/bash""])
    print(f""Constructed command: '{cmd2}'"")

    cmd3 = construct_command(""git"", [""commit"", ""-m"", ""Initial commit""])
    print(f""Constructed command: '{cmd3}'"")
","import re

def construct_command(base_command: str, parameters: list[str]) -> str:
    """"""
    Constructs a command string from a base command and a list of parameters.
    Validates the command and parameters for potentially unsafe characters.

    Args:
        base_command: The base command string.
        parameters: A list of parameter strings.

    Returns:
        A single string representing the full command.

    Raises:
        ValueError: If the base_command is empty, or if the base_command or
                    any parameter contains invalid characters (e.g., null bytes).
    """"""
    if not base_command:
        raise ValueError(""Base command cannot be empty."")

    # Check for null bytes in base_command
    if '\0' in base_command:
        raise ValueError(""Base command contains invalid null bytes."")

    # Validate base_command against a stricter set of allowed characters
    # This regex allows alphanumeric, underscores, hyphens, periods, and forward slashes.
    # It's a basic example; real-world command validation can be much more complex.
    if not re.match(r""^[a-zA-Z0-9_./-]+$"", base_command.split()[0]): # Check only the command part, not its own args
        raise ValueError(f""Base command '{base_command.split()[0]}' contains invalid characters."")

    validated_parameters = []
    for param in parameters:
        if '\0' in param:
            raise ValueError(""Parameters contain invalid null bytes."")
        # Add more specific parameter validation if needed.
        # For now, we'll allow most characters in parameters, as they might be paths, quoted strings, etc.
        # However, be cautious with shell metacharacters if not properly handled/escaped.
        validated_parameters.append(param)

    # Join the base command and validated parameters
    full_command_parts = [base_command] + validated_parameters
    return "" "".join(full_command_parts)

if __name__ == '__main__':
    # Example usage:
    try:
        cmd = construct_command(""ls"", [""-l"", ""-a"", ""/tmp""])
        print(f""Constructed command: '{cmd}'"")

        cmd2 = construct_command(""docker run"", [""-it"", ""--rm"", ""ubuntu:latest"", ""/bin/bash""])
        print(f""Constructed command: '{cmd2}'"")

        cmd3 = construct_command(""git"", [""commit"", ""-m"", ""Initial commit""])
        print(f""Constructed command: '{cmd3}'"")

        # Example of a command that should raise ValueError (empty base command)
        try:
            construct_command("""", [""-l""])
        except ValueError as e:
            print(f""Error (expected): {e}"")

        # Example of a command that should raise ValueError (invalid char in base command)
        try:
            construct_command(""ls;rm -rf /"", [""-l""])
        except ValueError as e:
            print(f""Error (expected): {e}"")

        # Example of a command that should raise ValueError (null byte in parameter)
        try:
            construct_command(""echo"", [""hello\0world""])
        except ValueError as e:
            print(f""Error (expected): {e}"")

        # Example of a valid command with path
        cmd4 = construct_command(""/usr/bin/my-script.sh"", [""--input"", ""./data/file.txt""])
        print(f""Constructed command: '{cmd4}'"")

    except ValueError as e:
        print(f""An unexpected error occurred: {e}"")
","import subprocess
import shlex

def execute_command(base_command: str, parameters: list[str]) -> str:
    """"""
    Constructs and executes a shell command, returning its standard output.

    Args:
        base_command: The base command string (e.g., ""ls"", ""docker run"").
        parameters: A list of parameter strings for the command.

    Returns:
        A string containing the standard output of the executed command.

    Raises:
        ValueError: If the base_command is empty, contains null bytes,
                    is malformed (e.g., unclosed quotes), if parameters
                    contain null bytes or are not strings, if the command
                    is not found, if there's a permission issue, if the
                    command returns a non-zero exit code, or if any other
                    error occurs during parsing or execution.
    """"""
    if not base_command:
        raise ValueError(""Base command cannot be empty."")
    if '\0' in base_command:
        raise ValueError(""Base command contains invalid null bytes."")

    try:
        # Split the base_command using shell-like syntax
        executable_parts = shlex.split(base_command)
        if not executable_parts:  # Handles base_command being e.g. ""   ""
            raise ValueError(""Base command is empty or contains only whitespace after parsing."")
    except ValueError as e:  # shlex.split can raise ValueError for issues like unclosed quotes
        raise ValueError(f""Base command '{base_command}' is malformed: {e}"")

    validated_parameters = []
    for param in parameters:
        if not isinstance(param, str):
            raise ValueError(f""All parameters must be strings. Found: {type(param)} ('{param}')"")
        if '\0' in param:
            raise ValueError(f""Parameter '{param}' contains invalid null bytes."")
        validated_parameters.append(param)

    cmd_list = executable_parts + validated_parameters

    # Ensure the executable part of the command is not an empty string
    # (e.g. if base_command was '""""' shlex.split gives [''])
    if not cmd_list[0]:
        raise ValueError(""Executable part of the command is an empty string."")

    try:
        result = subprocess.run(
            cmd_list,
            capture_output=True,
            text=True,
            check=True,  # Raises CalledProcessError for non-zero exit codes
            errors='surrogateescape' # Handles potential encoding issues in output
        )
        return result.stdout.strip()
    except subprocess.CalledProcessError as e:
        error_message = f""Command '{' '.join(map(shlex.quote, e.cmd))}' failed with exit code {e.returncode}.""
        if e.stderr: # Add stderr to the error message if available
            error_message += f""\nStderr:\n{e.stderr.strip()}""
        if e.stdout: # Also include stdout if it exists, might be useful for debugging
             error_message += f""\nStdout:\n{e.stdout.strip()}""
        raise ValueError(error_message)
    except FileNotFoundError:
        raise ValueError(f""Command not found: {shlex.quote(cmd_list[0])}"")
    except PermissionError: # Catch permission denied errors (EACCES)
        raise ValueError(f""Permission denied for command: {shlex.quote(cmd_list[0])}"")
    except Exception as e:
        # Catch other potential errors during subprocess execution
        raise ValueError(f""Failed to execute command '{' '.join(map(shlex.quote, cmd_list))}': {type(e).__name__}: {e}"")

if __name__ == '__main__':
    print(""--- Testing execute_command ---"")

    # Test 1: Successful command (echo)
    try:
        output = execute_command(""echo"", [""Hello"", ""World""])
        print(f""Test 1 Output: '{output}'"")
    except ValueError as e:
        print(f""Test 1 Error: {e}"")

    # Test 2: Successful command with parameters that include spaces and quotes
    try:
        output = execute_command(""echo"", [""Test with spaces"", ""and 'single quotes' and \""double quotes\""""])
        print(f""Test 2 Output: '{output}'"")
    except ValueError as e:
        print(f""Test 2 Error: {e}"")

    # Test 3: Command that fails (non-zero exit code) - e.g., ls non_existent_file
    # Ensure 'ls' command itself exists.
    try:
        execute_command(""ls"", [""/non_existent_path_to_trigger_ls_error_12345abc""])
        print(""Test 3: Should have failed but didn't."") # Should not reach here
    except ValueError as e:
        print(f""Test 3 Error (expected for failing command):\n{e}"")

    # Test 4: Command not found
    try:
        execute_command(""this_command_truly_does_not_exist_12345"", [""arg1""])
        print(""Test 4: Should have failed but didn't."") # Should not reach here
    except ValueError as e:
        print(f""Test 4 Error (expected for command not found): {e}"")

    # Test 5: Empty base command
    try:
        execute_command("""", [""-l""])
        print(""Test 5: Should have failed but didn't."") # Should not reach here
    except ValueError as e:
        print(f""Test 5 Error (expected for empty base command): {e}"")

    # Test 6: Base command that results in an empty executable string after parsing
    try:
        execute_command('""""', [""hello""]) # shlex.split('""""') -> ['']
        print(""Test 6: Should have failed but didn't."") # Should not reach here
    except ValueError as e:
        print(f""Test 6 Error (expected for empty executable string): {e}"")

    # Test 7: Null byte in parameter
    try:
        execute_command(""echo"", [""hello\0world""])
        print(""Test 7: Should have failed but didn't."") # Should not reach here
    except ValueError as e:
        print(f""Test 7 Error (expected for null byte in param): {e}"")

    # Test 8: Base command malformed for shlex.split (e.g., unclosed quote)
    try:
        execute_command(""echo 'unterminated quote"", [""hello""])
        print(""Test 8: Should have failed but didn't."") # Should not reach here
    except ValueError as e:
        print(f""Test 8 Error (expected for malformed base command): {e}"")

    # Test 9: Base command that is just whitespace
    try:
        execute_command(""   "", [""hello""]) # shlex.split(""   "") -> []
        print(""Test 9: Should have failed but didn't."") # Should not reach here
    except ValueError as e:
        print(f""Test 9 Error (expected for whitespace base command): {e}"")

    # Test 10: Successful complex base command (e.g., python -c ""..."")
    # This test assumes 'python' is in PATH.
    try:
        py_command = ""import sys; sys.stdout.write('Hello from Python sub-process')""
        output = execute_command(""python -c"", [py_command])
        print(f""Test 10 Output: '{output}'"")
    except ValueError as e:
        # Check if it's a FileNotFoundError for python itself
        if ""Command not found: python"" in str(e) or ""Command not found: 'python'"" in str(e) :
            print(f""Test 10 Skipped (python command not found): {e}"")
        else:
            print(f""Test 10 Error: {e}"")
    
    # Test 11: Null byte in base_command
    try:
        execute_command(""echo\0hidden"", [""hello""])
        print(""Test 11: Should have failed but didn't."") # Should not reach here
    except ValueError as e:
        print(f""Test 11 Error (expected for null byte in base_command): {e}"")

    # Test 12: Parameter is not a string
    try:
        execute_command(""echo"", [123])
        print(""Test 12: Should have failed but didn't."") # Should not reach here
    except ValueError as e:
        print(f""Test 12 Error (expected for non-string parameter): {e}"")
",gemini-2.5-pro-preview-03-25,1,[],[],[]
ffc6ada9,refactor,"[""Create a function that runs a shell command with parameters provided by the user. The function should accept a main command and its arguments, then execute and return the resultant output. The function's name should be execute_command. The function should take 2 arguments, i.e., - base_command: str, the main command that needs to be executed, - parameters: list, a collection of arguments to pass alongside the command. The function should return str, the output produced by the executed shell command. The function should raise - ValueError: Raised when the command provided is incorrect or cannot be processed. The following setup code will be provided to you:\n```\nimport subprocess\nimport shlex\n```\n\nHere's some additional context about the imported packages and global variables: - subprocess: handles launching new processes in Python, - shlex: used to correctly parse and quote shell input \n\nPlease implement the function according to the description and setup above. Output the code in a markdown code block, i.e., between triple backticks (```) with the language specified as Python.\nPlease only output code and not your natural language commentary."", ""Could you refactor the code to improve its readability and maintainability? Please ensure it follows PEP-8 guidelines, including proper indentation and spacing. Additionally, add comprehensive docstrings to describe the function's purpose, parameters, and return value. This will help in understanding the code better.\nPlease only output code and not your natural language commentary."", ""Let's add logging support to the function. Can you implement logging to track the execution of commands and their results? This will help in debugging and monitoring the function's behavior. Ensure that the logs are clear and provide useful information about the command execution process.\nPlease only output code and not your natural language commentary.""]","import subprocess
import shlex

def execute_command(base_command: str, parameters: list) -> str:
    """"""
    Runs a shell command with parameters provided by the user.

    Args:
        base_command: The main command that needs to be executed.
        parameters: A collection of arguments to pass alongside the command.

    Returns:
        The output produced by the executed shell command.

    Raises:
        ValueError: Raised when the command provided is incorrect or cannot be processed.
    """"""
    if not base_command:
        raise ValueError(""Base command cannot be empty."")

    command = [base_command] + parameters

    try:
        # Ensure all parts of the command are strings for shlex.quote and subprocess.run
        # shlex.quote is good practice if parts of the command could contain spaces or special characters
        # However, subprocess.run with a list of arguments (shell=False) handles spaces in arguments correctly
        # without needing shlex.quote for each part, as long as each argument is a separate list item.
        # If base_command itself might need quoting (e.g. if it's a path with spaces and not just 'ls'),
        # it's more complex. For now, assuming base_command is a simple command name.
        
        # We will pass the command as a list of arguments, so shell=False (default) is appropriate and safer.
        # No need for shlex.split or shlex.quote on individual parameters if they are already list elements.
        
        process = subprocess.run(
            command,
            capture_output=True,
            text=True,  # Decodes stdout and stderr using default encoding
            check=False # We will check the returncode manually to raise ValueError
        )

        if process.returncode != 0:
            error_message = f""Command '{' '.join(command)}' failed with return code {process.returncode}.""
            if process.stderr:
                error_message += f""\nError output:\n{process.stderr.strip()}""
            raise ValueError(error_message)
        
        return process.stdout.strip()

    except FileNotFoundError:
        raise ValueError(f""Command not found: {base_command}"")
    except PermissionError:
        raise ValueError(f""Permission denied to execute command: {base_command}"")
    except Exception as e:
        # Catch other potential subprocess errors and wrap them in ValueError
        raise ValueError(f""An error occurred while executing the command: {' '.join(command)}. Error: {str(e)}"")
","import subprocess
from typing import List


def execute_command(base_command: str, parameters: List[str]) -> str:
    """"""Runs a shell command with parameters provided by the user.

    Args:
        base_command: The main command that needs to be executed.
        parameters: A list of string arguments to pass alongside the command.

    Returns:
        The standard output produced by the executed shell command, stripped
        of leading/trailing whitespace.

    Raises:
        ValueError: Raised if the base_command is empty, if the command
                    execution fails (e.g., command not found, permission issues,
                    non-zero exit code), or if any other subprocess error occurs.
    """"""
    if not base_command:
        raise ValueError(""Base command cannot be empty."")

    # Ensure all parameters are strings, as subprocess.run expects them.
    str_parameters = [str(p) for p in parameters]
    command = [base_command] + str_parameters

    try:
        # The command is passed as a list of arguments to subprocess.run.
        # Using shell=False (the default) and check=True is generally safer
        # and handles arguments with spaces correctly without manual quoting.
        # check=True will raise CalledProcessError for non-zero exit codes.
        process = subprocess.run(
            command,
            capture_output=True,
            text=True,  # Decodes stdout and stderr using system's default encoding.
            check=True  # Raises CalledProcessError if return code is non-zero.
        )
        return process.stdout.strip()

    except subprocess.CalledProcessError as e:
        error_message = (
            f""Command '{' '.join(e.cmd)}' failed with return code {e.returncode}.""
        )
        if e.stderr:
            error_message += f""\nError output:\n{e.stderr.strip()}""
        raise ValueError(error_message) from e
    except FileNotFoundError:
        # This specific exception occurs if the base_command executable is not found.
        raise ValueError(f""Command not found: {base_command}"") from None
    except PermissionError:
        # This may occur if the script lacks permissions to execute the command.
        raise ValueError(f""Permission denied to execute command: {base_command}"") from None
    except Exception as e:
        # Catch any other unexpected errors during subprocess execution.
        # Using ' '.join(command) for the error message as 'e.cmd' might not be available
        # for exceptions other than CalledProcessError.
        raise ValueError(
            f""An error occurred while executing the command: {' '.join(command)}. ""
            f""Error: {str(e)}""
        ) from e
","import subprocess
import logging
from typing import List

# Configure a logger for this module
logger = logging.getLogger(__name__)


def execute_command(base_command: str, parameters: List[str]) -> str:
    """"""Runs a shell command with parameters provided by the user.

    Args:
        base_command: The main command that needs to be executed.
        parameters: A list of string arguments to pass alongside the command.

    Returns:
        The standard output produced by the executed shell command, stripped
        of leading/trailing whitespace.

    Raises:
        ValueError: Raised if the base_command is empty, if the command
                    execution fails (e.g., command not found, permission issues,
                    non-zero exit code), or if any other subprocess error occurs.
    """"""
    if not base_command:
        logger.warning(""execute_command called with an empty base_command."")
        raise ValueError(""Base command cannot be empty."")

    # Ensure all parameters are strings, as subprocess.run expects them.
    str_parameters = [str(p) for p in parameters]
    command = [base_command] + str_parameters
    command_str_for_logging = ' '.join(command) # For easier reading in logs

    logger.info(f""Executing command: {command_str_for_logging}"")

    try:
        # The command is passed as a list of arguments to subprocess.run.
        # Using shell=False (the default) and check=True is generally safer
        # and handles arguments with spaces correctly without manual quoting.
        # check=True will raise CalledProcessError for non-zero exit codes.
        process = subprocess.run(
            command,
            capture_output=True,
            text=True,  # Decodes stdout and stderr using system's default encoding.
            check=True  # Raises CalledProcessError if return code is non-zero.
        )
        logger.info(f""Command '{command_str_for_logging}' executed successfully. Output length: {len(process.stdout.strip())}"")
        return process.stdout.strip()

    except subprocess.CalledProcessError as e:
        error_message = (
            f""Command '{' '.join(e.cmd)}' failed with return code {e.returncode}.""
        )
        if e.stderr:
            error_message += f""\nError output:\n{e.stderr.strip()}""
        logger.error(f""CalledProcessError for command '{command_str_for_logging}': {error_message}"", exc_info=True)
        raise ValueError(error_message) from e
    except FileNotFoundError:
        # This specific exception occurs if the base_command executable is not found.
        logger.error(f""FileNotFoundError: Command not found: {base_command}"", exc_info=True)
        raise ValueError(f""Command not found: {base_command}"") from None
    except PermissionError:
        # This may occur if the script lacks permissions to execute the command.
        logger.error(f""PermissionError: Permission denied to execute command: {base_command}"", exc_info=True)
        raise ValueError(f""Permission denied to execute command: {base_command}"") from None
    except Exception as e:
        # Catch any other unexpected errors during subprocess execution.
        # Using ' '.join(command) for the error message as 'e.cmd' might not be available
        # for exceptions other than CalledProcessError.
        logger.error(f""Unexpected exception while executing command '{command_str_for_logging}': {str(e)}"", exc_info=True)
        raise ValueError(
            f""An error occurred while executing the command: {command_str_for_logging}. ""
            f""Error: {str(e)}""
        ) from e
",gemini-2.5-pro-preview-03-25,1,[],[],[]
